{
  "version": 1,
  "author": "Julian Esteban",
  "editor": "wokwi",
  "parts": [
    {
      "type": "board-esp32-devkit-c-v4",
      "id": "esp",
      "top": 133.26,
      "left": -12.7,
      "rotate": 270,
      "attrs": { "env": "micropython-20231227-v1.22.0" }
    },
    {
      "type": "wokwi-led",
      "id": "led1",
      "top": -22.8,
      "left": -53.8,
      "attrs": { "color": "green" }
    },
    {
      "type": "wokwi-resistor",
      "id": "r1",
      "top": 72,
      "left": -86.95,
      "rotate": 90,
      "attrs": { "value": "220" }
    },
    {
      "type": "wokwi-led",
      "id": "led2",
      "top": -22.8,
      "left": -82.6,
      "attrs": { "color": "red" }
    },
    { "type": "wokwi-led", "id": "led3", "top": -22.8, "left": -25, "attrs": { "color": "blue" } },
    {
      "type": "wokwi-led",
      "id": "led4",
      "top": -22.8,
      "left": 3.8,
      "attrs": { "color": "yellow" }
    },
    { "type": "wokwi-led", "id": "led5", "top": -22.8, "left": 32.6, "attrs": { "color": "red" } },
    {
      "type": "wokwi-led",
      "id": "led6",
      "top": -22.8,
      "left": 61.4,
      "attrs": { "color": "green" }
    },
    {
      "type": "wokwi-led",
      "id": "led7",
      "top": -22.8,
      "left": 90.2,
      "attrs": { "color": "blue" }
    },
    {
      "type": "wokwi-led",
      "id": "led8",
      "top": -22.8,
      "left": 119,
      "attrs": { "color": "yellow" }
    },
    {
      "type": "wokwi-resistor",
      "id": "r2",
      "top": 72,
      "left": -58.15,
      "rotate": 90,
      "attrs": { "value": "220" }
    },
    {
      "type": "wokwi-resistor",
      "id": "r3",
      "top": 72,
      "left": -29.35,
      "rotate": 90,
      "attrs": { "value": "220" }
    },
    {
      "type": "wokwi-resistor",
      "id": "r4",
      "top": 72,
      "left": -0.55,
      "rotate": 90,
      "attrs": { "value": "220" }
    },
    {
      "type": "wokwi-resistor",
      "id": "r5",
      "top": 72,
      "left": 28.25,
      "rotate": 90,
      "attrs": { "value": "220" }
    },
    {
      "type": "wokwi-resistor",
      "id": "r6",
      "top": 72,
      "left": 57.05,
      "rotate": 90,
      "attrs": { "value": "220" }
    },
    {
      "type": "wokwi-resistor",
      "id": "r7",
      "top": 72,
      "left": 85.85,
      "rotate": 90,
      "attrs": { "value": "220" }
    },
    {
      "type": "wokwi-resistor",
      "id": "r8",
      "top": 72,
      "left": 114.65,
      "rotate": 90,
      "attrs": { "value": "220" }
    }
  ],
  "connections": [
    [ "esp:TX", "$serialMonitor:RX", "", [] ],
    [ "esp:RX", "$serialMonitor:TX", "", [] ],
    [ "led2:A", "r1:1", "red", [ "v0" ] ],
    [ "r1:2", "esp:23", "red", [ "h0", "v66", "h28.8" ] ],
    [ "esp:GND.1", "led2:C", "black", [ "v19.05", "h-172.8", "v-288" ] ],
    [ "led2:C", "led1:C", "black", [ "v19.2", "h29.2" ] ],
    [ "led1:C", "led3:C", "black", [ "v19.2", "h29.2" ] ],
    [ "led3:C", "led4:C", "black", [ "v19.2", "h29.2" ] ],
    [ "led4:C", "led5:C", "black", [ "v19.2", "h29.2" ] ],
    [ "led5:C", "led6:C", "black", [ "v19.2", "h29.2" ] ],
    [ "led6:C", "led7:C", "black", [ "v19.2", "h29.2" ] ],
    [ "led7:C", "led8:C", "black", [ "v19.2", "h29.2" ] ],
    [ "led1:A", "r2:1", "green", [ "v0" ] ],
    [ "led3:A", "r3:1", "blue", [ "v0" ] ],
    [ "led4:A", "r4:1", "gold", [ "v0" ] ],
    [ "led5:A", "r5:1", "red", [ "v0" ] ],
    [ "led6:A", "r6:1", "green", [ "v0" ] ],
    [ "led7:A", "r7:1", "blue", [ "v0" ] ],
    [ "led8:A", "r8:1", "green", [ "v0" ] ],
    [ "r2:2", "esp:22", "green", [ "h0", "v56.4", "h9.6" ] ],
    [ "r3:2", "esp:21", "blue", [ "h0" ] ],
    [ "r4:2", "esp:19", "gold", [ "h0" ] ],
    [ "r5:2", "esp:17", "red", [ "h0" ] ],
    [ "r6:2", "esp:0", "green", [ "h0" ] ],
    [ "r7:2", "esp:2", "blue", [ "h0" ] ],
    [ "r8:2", "esp:15", "gold", [ "h0", "v37.2", "h-38.4" ] ]
  ],
  "dependencies": {}
}